File,LOC,SLOC-P,SLOC-L,MVG,BLOC,C&SLOC,CLOC,CWORD,HCLOC,HCWORD
C:\wamp\www\internship\protected\modules\Admin\AdminModule.php,29,20,7,3,4,0,5,45,0,0
C:\wamp\www\internship\protected\modules\Admin\controllers\CompanyController.php,241,139,83,15,45,7,57,324,0,0
C:\wamp\www\internship\protected\modules\Admin\controllers\DefaultController.php,111,73,33,8,10,1,28,126,0,0
C:\wamp\www\internship\protected\modules\Admin\controllers\InternshipPositionController.php,198,102,52,13,37,6,59,327,0,0
C:\wamp\www\internship\protected\modules\Admin\controllers\ProfessorController.php,207,119,61,13,36,7,52,305,0,0
C:\wamp\www\internship\protected\modules\Admin\controllers\RequestInternshipController.php,236,135,50,11,44,6,57,317,0,0
C:\wamp\www\internship\protected\modules\Admin\controllers\RequestsController.php,166,99,42,11,32,6,35,214,0,0
C:\wamp\www\internship\protected\modules\Admin\controllers\SiteController.php,165,103,54,15,31,1,31,137,0,0
C:\wamp\www\internship\protected\modules\Admin\controllers\StudentController.php,208,104,60,13,41,7,63,318,0,0
C:\wamp\www\internship\protected\modules\Admin\controllers\UsersController.php,171,94,38,11,25,6,52,303,0,0
C:\wamp\www\internship\protected\modules\Admin\views\company\admin.php,52,41,11,2,8,0,3,9,0,0
C:\wamp\www\internship\protected\modules\Admin\views\company\create.php,18,12,2,0,4,0,2,8,0,0
C:\wamp\www\internship\protected\modules\Admin\views\company\index.php,22,15,2,0,5,0,2,8,0,0
C:\wamp\www\internship\protected\modules\Admin\views\company\update.php,21,15,2,0,4,0,2,8,0,0
C:\wamp\www\internship\protected\modules\Admin\views\company\view.php,42,34,2,0,6,0,2,8,0,0
C:\wamp\www\internship\protected\modules\Admin\views\company\viewRequests.php,28,18,4,0,8,0,2,8,0,0
C:\wamp\www\internship\protected\modules\Admin\views\company\_form.php,113,82,0,0,24,27,7,145,0,0
C:\wamp\www\internship\protected\modules\Admin\views\company\_search.php,40,28,0,0,9,0,3,12,0,0
C:\wamp\www\internship\protected\modules\Admin\views\company\_view.php,38,22,2,1,14,0,2,8,0,0
C:\wamp\www\internship\protected\modules\Admin\views\company\_viewRequests.php,39,23,2,1,14,0,2,8,0,0
C:\wamp\www\internship\protected\modules\Admin\views\default\index.php,17,14,1,0,2,0,1,4,0,0
C:\wamp\www\internship\protected\modules\Admin\views\internshipPosition\admin.php,88,44,11,2,8,0,36,41,0,0
C:\wamp\www\internship\protected\modules\Admin\views\internshipPosition\award.php,58,32,2,0,19,0,7,50,0,0
C:\wamp\www\internship\protected\modules\Admin\views\internshipPosition\create.php,18,12,2,0,4,0,2,8,0,0
C:\wamp\www\internship\protected\modules\Admin\views\internshipPosition\index.php,21,14,2,0,5,0,2,8,0,0
C:\wamp\www\internship\protected\modules\Admin\views\internshipPosition\update.php,21,15,2,0,4,0,2,8,0,0
C:\wamp\www\internship\protected\modules\Admin\views\internshipPosition\view.php,148,94,17,4,51,0,3,10,0,0
C:\wamp\www\internship\protected\modules\Admin\views\internshipPosition\_form.php,254,199,3,0,48,73,7,269,0,0
C:\wamp\www\internship\protected\modules\Admin\views\internshipPosition\_search.php,210,164,0,0,43,0,3,12,0,0
C:\wamp\www\internship\protected\modules\Admin\views\internshipPosition\_view.php,168,28,0,0,14,2,126,319,0,0
C:\wamp\www\internship\protected\modules\Admin\views\professor\admin.php,53,43,11,2,8,0,2,8,0,0
C:\wamp\www\internship\protected\modules\Admin\views\professor\create.php,18,12,2,0,4,0,2,8,0,0
C:\wamp\www\internship\protected\modules\Admin\views\professor\index.php,21,14,2,0,5,0,2,8,0,0
C:\wamp\www\internship\protected\modules\Admin\views\professor\update.php,21,15,2,0,4,0,2,8,0,0
C:\wamp\www\internship\protected\modules\Admin\views\professor\view.php,41,34,3,0,5,1,2,10,0,0
C:\wamp\www\internship\protected\modules\Admin\views\professor\_form.php,93,62,0,0,24,19,7,107,0,0
C:\wamp\www\internship\protected\modules\Admin\views\professor\_search.php,35,24,0,0,8,0,3,12,0,0
C:\wamp\www\internship\protected\modules\Admin\views\professor\_view.php,32,21,0,0,9,1,2,10,0,0
C:\wamp\www\internship\protected\modules\Admin\views\requestInternship\admin.php,67,44,11,2,10,0,13,18,0,0
C:\wamp\www\internship\protected\modules\Admin\views\requestInternship\create.php,18,12,2,0,4,0,2,8,0,0
C:\wamp\www\internship\protected\modules\Admin\views\requestInternship\index.php,21,14,2,0,5,0,2,8,0,0
C:\wamp\www\internship\protected\modules\Admin\views\requestInternship\update.php,21,15,2,0,4,0,2,8,0,0
C:\wamp\www\internship\protected\modules\Admin\views\requestInternship\view.php,53,37,9,0,11,0,5,21,0,0
C:\wamp\www\internship\protected\modules\Admin\views\requestInternship\viewInternshipPosition.php,148,91,17,4,54,0,3,10,0,0
C:\wamp\www\internship\protected\modules\Admin\views\requestInternship\viewInternshipPosition2.php,149,91,17,4,55,0,3,10,0,0
C:\wamp\www\internship\protected\modules\Admin\views\requestInternship\viewRequests.php,21,14,2,0,5,0,2,8,0,0
C:\wamp\www\internship\protected\modules\Admin\views\requestInternship\viewStudent.php,51,41,2,0,8,0,2,8,0,0
C:\wamp\www\internship\protected\modules\Admin\views\requestInternship\_form.php,81,50,3,0,24,10,7,79,0,0
C:\wamp\www\internship\protected\modules\Admin\views\requestInternship\_search.php,95,72,0,0,20,0,3,12,0,0
C:\wamp\www\internship\protected\modules\Admin\views\requestInternship\_view.php,70,22,0,0,14,2,34,89,0,0
C:\wamp\www\internship\protected\modules\Admin\views\requestInternship\_viewRequests.php,46,29,3,1,15,0,2,8,0,0
C:\wamp\www\internship\protected\modules\Admin\views\requests\all.php,4,2,0,0,2,0,0,0,0,0
C:\wamp\www\internship\protected\modules\Admin\views\site\contact.php,85,63,2,0,19,0,3,12,0,0
C:\wamp\www\internship\protected\modules\Admin\views\site\error.php,15,10,2,0,3,0,2,8,0,0
C:\wamp\www\internship\protected\modules\Admin\views\site\index.php,19,12,2,0,6,0,1,4,0,0
C:\wamp\www\internship\protected\modules\Admin\views\site\login.php,54,40,2,0,11,0,3,12,0,0
C:\wamp\www\internship\protected\modules\Admin\views\site\viewInternshipPosition.php,32,18,3,0,11,0,3,10,0,0
C:\wamp\www\internship\protected\modules\Admin\views\site\_viewInternshipPosition.php,25,14,0,0,9,0,2,6,0,0
C:\wamp\www\internship\protected\modules\Admin\views\site\pages\about.php,13,9,2,0,3,0,1,4,0,0
C:\wamp\www\internship\protected\modules\Admin\views\student\admin.php,75,44,11,2,13,0,18,23,0,0
C:\wamp\www\internship\protected\modules\Admin\views\student\create.php,18,12,2,0,4,0,2,8,0,0
C:\wamp\www\internship\protected\modules\Admin\views\student\index.php,21,14,2,0,5,0,2,8,0,0
C:\wamp\www\internship\protected\modules\Admin\views\student\update.php,23,15,2,0,6,0,2,8,0,0
C:\wamp\www\internship\protected\modules\Admin\views\student\view.php,57,45,2,0,10,0,2,8,0,0
C:\wamp\www\internship\protected\modules\Admin\views\student\_form.php,214,155,2,0,52,46,7,251,0,0
C:\wamp\www\internship\protected\modules\Admin\views\student\_search.php,110,84,0,0,23,0,3,12,0,0
C:\wamp\www\internship\protected\modules\Admin\views\student\_view.php,78,22,0,0,10,2,46,119,0,0
C:\wamp\www\internship\protected\modules\Admin\views\users\admin.php,67,49,11,2,8,0,10,15,0,0
C:\wamp\www\internship\protected\modules\Admin\views\users\create.php,18,12,2,0,4,0,2,8,0,0
C:\wamp\www\internship\protected\modules\Admin\views\users\index.php,21,14,2,0,5,0,2,8,0,0
C:\wamp\www\internship\protected\modules\Admin\views\users\update.php,21,15,2,0,4,0,2,8,0,0
C:\wamp\www\internship\protected\modules\Admin\views\users\view.php,38,31,2,0,5,0,2,8,0,0
C:\wamp\www\internship\protected\modules\Admin\views\users\_form.php,94,69,0,0,18,23,7,119,0,0
C:\wamp\www\internship\protected\modules\Admin\views\users\_search.php,75,56,0,0,16,0,3,12,0,0
C:\wamp\www\internship\protected\modules\Admin\views\users\_view.php,59,27,0,0,10,2,22,59,0,0
C:\wamp\www\internship\protected\modules\CompanyAdmin\CompanyAdminModule.php,29,20,7,3,4,0,5,45,0,0
C:\wamp\www\internship\protected\modules\CompanyAdmin\controllers\DefaultController.php,173,86,44,13,25,6,62,339,0,0
C:\wamp\www\internship\protected\modules\CompanyAdmin\controllers\InternshipPositionController.php,206,115,63,13,36,6,55,324,0,0
C:\wamp\www\internship\protected\modules\CompanyAdmin\controllers\SiteController.php,167,103,54,15,33,2,31,139,0,0
C:\wamp\www\internship\protected\modules\CompanyAdmin\views\default\admin.php,67,49,11,2,8,0,10,15,0,0
C:\wamp\www\internship\protected\modules\CompanyAdmin\views\default\create.php,18,12,2,0,4,0,2,8,0,0
C:\wamp\www\internship\protected\modules\CompanyAdmin\views\default\index.php,17,14,1,0,2,0,1,4,0,0
C:\wamp\www\internship\protected\modules\CompanyAdmin\views\default\index_1.php,21,14,2,0,5,0,2,8,0,0
C:\wamp\www\internship\protected\modules\CompanyAdmin\views\default\newPassword.php,42,19,0,0,16,3,7,61,0,0
C:\wamp\www\internship\protected\modules\CompanyAdmin\views\default\update.php,21,15,2,0,4,0,2,8,0,0
C:\wamp\www\internship\protected\modules\CompanyAdmin\views\default\view.php,38,31,2,0,5,0,2,8,0,0
C:\wamp\www\internship\protected\modules\CompanyAdmin\views\default\_form.php,85,60,0,0,18,19,7,107,0,0
C:\wamp\www\internship\protected\modules\CompanyAdmin\views\default\_search.php,75,56,0,0,16,0,3,12,0,0
C:\wamp\www\internship\protected\modules\CompanyAdmin\views\default\_view.php,59,27,0,0,10,2,22,59,0,0
C:\wamp\www\internship\protected\modules\CompanyAdmin\views\internshipPosition\admin.php,95,44,12,2,14,1,37,49,0,0
C:\wamp\www\internship\protected\modules\CompanyAdmin\views\internshipPosition\create.php,18,11,2,0,4,0,3,12,0,0
C:\wamp\www\internship\protected\modules\CompanyAdmin\views\internshipPosition\index.php,21,14,2,0,5,0,2,8,0,0
C:\wamp\www\internship\protected\modules\CompanyAdmin\views\internshipPosition\update.php,19,12,2,0,5,0,2,8,0,0
C:\wamp\www\internship\protected\modules\CompanyAdmin\views\internshipPosition\view.php,54,39,2,0,13,0,2,8,0,0
C:\wamp\www\internship\protected\modules\CompanyAdmin\views\internshipPosition\_form.php,140,97,21,4,36,22,7,116,0,0
C:\wamp\www\internship\protected\modules\CompanyAdmin\views\internshipPosition\_formCreate.php,81,45,4,0,28,11,8,84,0,0
C:\wamp\www\internship\protected\modules\CompanyAdmin\views\internshipPosition\_search.php,210,164,0,0,43,0,3,12,0,0
C:\wamp\www\internship\protected\modules\CompanyAdmin\views\internshipPosition\_view.php,170,30,1,1,14,2,126,319,0,0
C:\wamp\www\internship\protected\modules\CompanyAdmin\views\site\contact.php,85,63,2,0,19,0,3,12,0,0
C:\wamp\www\internship\protected\modules\CompanyAdmin\views\site\error.php,15,10,2,0,3,0,2,8,0,0
C:\wamp\www\internship\protected\modules\CompanyAdmin\views\site\index.php,19,12,2,0,6,0,1,4,0,0
C:\wamp\www\internship\protected\modules\CompanyAdmin\views\site\login.php,54,40,2,0,11,0,3,12,0,0
C:\wamp\www\internship\protected\modules\CompanyAdmin\views\site\viewInternshipPosition.php,34,18,3,0,13,0,3,10,0,0
C:\wamp\www\internship\protected\modules\CompanyAdmin\views\site\_viewInternshipPosition.php,26,14,0,0,10,0,2,6,0,0
C:\wamp\www\internship\protected\modules\CompanyAdmin\views\site\pages\about.php,13,9,2,0,3,0,1,4,0,0
C:\wamp\www\internship\protected\modules\eetfAdmin\AdminModule.php,29,20,7,3,4,0,5,45,0,0
C:\wamp\www\internship\protected\modules\eetfAdmin\controllers\CompanyController.php,200,112,60,13,33,9,55,328,0,0
C:\wamp\www\internship\protected\modules\eetfAdmin\controllers\DefaultController.php,111,73,33,8,10,1,28,126,0,0
C:\wamp\www\internship\protected\modules\eetfAdmin\controllers\InternshipPositionController.php,174,102,38,11,20,8,52,321,0,0
C:\wamp\www\internship\protected\modules\eetfAdmin\controllers\ProfessorController.php,212,127,61,13,33,9,52,323,0,0
C:\wamp\www\internship\protected\modules\eetfAdmin\controllers\RequestInternshipController.php,174,102,38,11,20,8,52,321,0,0
C:\wamp\www\internship\protected\modules\eetfAdmin\controllers\RequestsController.php,171,107,42,11,29,8,35,232,0,0
C:\wamp\www\internship\protected\modules\eetfAdmin\controllers\SiteController.php,161,100,52,15,30,1,31,137,0,0
C:\wamp\www\internship\protected\modules\eetfAdmin\controllers\StudentController.php,199,112,60,13,30,9,57,328,0,0
C:\wamp\www\internship\protected\modules\eetfAdmin\controllers\UsersController.php,174,102,38,11,20,8,52,321,0,0
C:\wamp\www\internship\protected\modules\eetfAdmin\views\company\admin.php,57,47,11,2,8,0,2,8,0,0
C:\wamp\www\internship\protected\modules\eetfAdmin\views\company\create.php,18,12,2,0,4,0,2,8,0,0
C:\wamp\www\internship\protected\modules\eetfAdmin\views\company\index.php,21,14,2,0,5,0,2,8,0,0
C:\wamp\www\internship\protected\modules\eetfAdmin\views\company\update.php,21,15,2,0,4,0,2,8,0,0
C:\wamp\www\internship\protected\modules\eetfAdmin\views\company\view.php,30,23,2,0,5,0,2,8,0,0
C:\wamp\www\internship\protected\modules\eetfAdmin\views\company\_form.php,86,59,0,0,20,19,7,121,0,0
C:\wamp\www\internship\protected\modules\eetfAdmin\views\company\_search.php,40,28,0,0,9,0,3,12,0,0
C:\wamp\www\internship\protected\modules\eetfAdmin\views\company\_view.php,25,16,0,0,7,0,2,8,0,0
C:\wamp\www\internship\protected\modules\eetfAdmin\views\default\index.php,17,14,1,0,2,0,1,4,0,0
C:\wamp\www\internship\protected\modules\eetfAdmin\views\internshipPosition\admin.php,93,49,11,2,8,0,36,41,0,0
C:\wamp\www\internship\protected\modules\eetfAdmin\views\internshipPosition\create.php,18,12,2,0,4,0,2,8,0,0
C:\wamp\www\internship\protected\modules\eetfAdmin\views\internshipPosition\index.php,21,14,2,0,5,0,2,8,0,0
C:\wamp\www\internship\protected\modules\eetfAdmin\views\internshipPosition\update.php,21,15,2,0,4,0,2,8,0,0
C:\wamp\www\internship\protected\modules\eetfAdmin\views\internshipPosition\view.php,64,57,2,0,5,0,2,8,0,0
C:\wamp\www\internship\protected\modules\eetfAdmin\views\internshipPosition\_form.php,275,223,2,0,45,79,7,287,0,0
C:\wamp\www\internship\protected\modules\eetfAdmin\views\internshipPosition\_search.php,210,164,0,0,43,0,3,12,0,0
C:\wamp\www\internship\protected\modules\eetfAdmin\views\internshipPosition\_view.php,163,27,0,0,10,2,126,319,0,0
C:\wamp\www\internship\protected\modules\eetfAdmin\views\professor\admin.php,56,46,11,2,8,0,2,8,0,0
C:\wamp\www\internship\protected\modules\eetfAdmin\views\professor\create.php,18,12,2,0,4,0,2,8,0,0
C:\wamp\www\internship\protected\modules\eetfAdmin\views\professor\index.php,21,14,2,0,5,0,2,8,0,0
C:\wamp\www\internship\protected\modules\eetfAdmin\views\professor\update.php,21,15,2,0,4,0,2,8,0,0
C:\wamp\www\internship\protected\modules\eetfAdmin\views\professor\view.php,33,27,3,0,4,1,2,10,0,0
C:\wamp\www\internship\protected\modules\eetfAdmin\views\professor\_form.php,90,59,0,0,24,19,7,107,0,0
C:\wamp\www\internship\protected\modules\eetfAdmin\views\professor\_search.php,35,24,0,0,8,0,3,12,0,0
C:\wamp\www\internship\protected\modules\eetfAdmin\views\professor\_view.php,21,13,0,0,6,0,2,8,0,0
C:\wamp\www\internship\protected\modules\eetfAdmin\views\requestInternship\admin.php,70,49,11,2,8,0,13,18,0,0
C:\wamp\www\internship\protected\modules\eetfAdmin\views\requestInternship\create.php,18,12,2,0,4,0,2,8,0,0
C:\wamp\www\internship\protected\modules\eetfAdmin\views\requestInternship\index.php,21,14,2,0,5,0,2,8,0,0
C:\wamp\www\internship\protected\modules\eetfAdmin\views\requestInternship\update.php,21,15,2,0,4,0,2,8,0,0
C:\wamp\www\internship\protected\modules\eetfAdmin\views\requestInternship\view.php,41,34,2,0,5,0,2,8,0,0
C:\wamp\www\internship\protected\modules\eetfAdmin\views\requestInternship\_form.php,137,98,3,0,32,31,7,143,0,0
C:\wamp\www\internship\protected\modules\eetfAdmin\views\requestInternship\_search.php,95,72,0,0,20,0,3,12,0,0
C:\wamp\www\internship\protected\modules\eetfAdmin\views\requestInternship\_view.php,71,27,0,0,10,2,34,89,0,0
C:\wamp\www\internship\protected\modules\eetfAdmin\views\requests\all.php,4,2,0,0,2,0,0,0,0,0
C:\wamp\www\internship\protected\modules\eetfAdmin\views\site\contact.php,85,63,2,0,19,0,3,12,0,0
C:\wamp\www\internship\protected\modules\eetfAdmin\views\site\error.php,15,10,2,0,3,0,2,8,0,0
C:\wamp\www\internship\protected\modules\eetfAdmin\views\site\index.php,18,12,2,0,5,0,1,4,0,0
C:\wamp\www\internship\protected\modules\eetfAdmin\views\site\login.php,54,40,2,0,11,0,3,12,0,0
C:\wamp\www\internship\protected\modules\eetfAdmin\views\site\viewInternshipPosition.php,32,18,3,0,11,0,3,10,0,0
C:\wamp\www\internship\protected\modules\eetfAdmin\views\site\_viewInternshipPosition.php,25,14,0,0,9,0,2,6,0,0
C:\wamp\www\internship\protected\modules\eetfAdmin\views\site\pages\about.php,13,9,2,0,3,0,1,4,0,0
C:\wamp\www\internship\protected\modules\eetfAdmin\views\student\admin.php,73,49,11,2,8,0,16,21,0,0
C:\wamp\www\internship\protected\modules\eetfAdmin\views\student\create.php,18,12,2,0,4,0,2,8,0,0
C:\wamp\www\internship\protected\modules\eetfAdmin\views\student\index.php,21,14,2,0,5,0,2,8,0,0
C:\wamp\www\internship\protected\modules\eetfAdmin\views\student\update.php,23,15,2,0,6,0,2,8,0,0
C:\wamp\www\internship\protected\modules\eetfAdmin\views\student\view.php,48,41,2,0,5,0,2,8,0,0
C:\wamp\www\internship\protected\modules\eetfAdmin\views\student\_form.php,190,141,1,0,42,49,7,245,0,0
C:\wamp\www\internship\protected\modules\eetfAdmin\views\student\_search.php,110,84,0,0,23,0,3,12,0,0
C:\wamp\www\internship\protected\modules\eetfAdmin\views\student\_view.php,83,27,0,0,10,2,46,119,0,0
C:\wamp\www\internship\protected\modules\eetfAdmin\views\users\admin.php,67,49,11,2,8,0,10,15,0,0
C:\wamp\www\internship\protected\modules\eetfAdmin\views\users\create.php,18,12,2,0,4,0,2,8,0,0
C:\wamp\www\internship\protected\modules\eetfAdmin\views\users\index.php,21,14,2,0,5,0,2,8,0,0
C:\wamp\www\internship\protected\modules\eetfAdmin\views\users\update.php,21,15,2,0,4,0,2,8,0,0
C:\wamp\www\internship\protected\modules\eetfAdmin\views\users\view.php,38,31,2,0,5,0,2,8,0,0
C:\wamp\www\internship\protected\modules\eetfAdmin\views\users\_form.php,94,69,0,0,18,23,7,119,0,0
C:\wamp\www\internship\protected\modules\eetfAdmin\views\users\_search.php,75,56,0,0,16,0,3,12,0,0
C:\wamp\www\internship\protected\modules\eetfAdmin\views\users\_view.php,59,27,0,0,10,2,22,59,0,0
C:\wamp\www\internship\protected\modules\eledAdmin\AdminModule.php,29,20,7,3,4,0,5,45,0,0
C:\wamp\www\internship\protected\modules\eledAdmin\controllers\CompanyController.php,200,112,60,13,33,9,55,328,0,0
C:\wamp\www\internship\protected\modules\eledAdmin\controllers\DefaultController.php,111,73,33,8,10,1,28,126,0,0
C:\wamp\www\internship\protected\modules\eledAdmin\controllers\InternshipPositionController.php,174,102,38,11,20,8,52,321,0,0
C:\wamp\www\internship\protected\modules\eledAdmin\controllers\ProfessorController.php,212,127,61,13,33,9,52,323,0,0
C:\wamp\www\internship\protected\modules\eledAdmin\controllers\RequestInternshipController.php,174,102,38,11,20,8,52,321,0,0
C:\wamp\www\internship\protected\modules\eledAdmin\controllers\RequestsController.php,171,107,42,11,29,8,35,232,0,0
C:\wamp\www\internship\protected\modules\eledAdmin\controllers\SiteController.php,161,100,52,15,30,1,31,137,0,0
C:\wamp\www\internship\protected\modules\eledAdmin\controllers\StudentController.php,199,112,60,13,30,9,57,328,0,0
C:\wamp\www\internship\protected\modules\eledAdmin\controllers\UsersController.php,174,102,38,11,20,8,52,321,0,0
C:\wamp\www\internship\protected\modules\eledAdmin\views\company\admin.php,57,47,11,2,8,0,2,8,0,0
C:\wamp\www\internship\protected\modules\eledAdmin\views\company\create.php,18,12,2,0,4,0,2,8,0,0
C:\wamp\www\internship\protected\modules\eledAdmin\views\company\index.php,21,14,2,0,5,0,2,8,0,0
C:\wamp\www\internship\protected\modules\eledAdmin\views\company\update.php,21,15,2,0,4,0,2,8,0,0
C:\wamp\www\internship\protected\modules\eledAdmin\views\company\view.php,30,23,2,0,5,0,2,8,0,0
C:\wamp\www\internship\protected\modules\eledAdmin\views\company\_form.php,86,59,0,0,20,19,7,121,0,0
C:\wamp\www\internship\protected\modules\eledAdmin\views\company\_search.php,40,28,0,0,9,0,3,12,0,0
C:\wamp\www\internship\protected\modules\eledAdmin\views\company\_view.php,25,16,0,0,7,0,2,8,0,0
C:\wamp\www\internship\protected\modules\eledAdmin\views\default\index.php,17,14,1,0,2,0,1,4,0,0
C:\wamp\www\internship\protected\modules\eledAdmin\views\internshipPosition\admin.php,93,49,11,2,8,0,36,41,0,0
C:\wamp\www\internship\protected\modules\eledAdmin\views\internshipPosition\create.php,18,12,2,0,4,0,2,8,0,0
C:\wamp\www\internship\protected\modules\eledAdmin\views\internshipPosition\index.php,21,14,2,0,5,0,2,8,0,0
C:\wamp\www\internship\protected\modules\eledAdmin\views\internshipPosition\update.php,21,15,2,0,4,0,2,8,0,0
C:\wamp\www\internship\protected\modules\eledAdmin\views\internshipPosition\view.php,64,57,2,0,5,0,2,8,0,0
C:\wamp\www\internship\protected\modules\eledAdmin\views\internshipPosition\_form.php,275,223,2,0,45,79,7,287,0,0
C:\wamp\www\internship\protected\modules\eledAdmin\views\internshipPosition\_search.php,210,164,0,0,43,0,3,12,0,0
C:\wamp\www\internship\protected\modules\eledAdmin\views\internshipPosition\_view.php,163,27,0,0,10,2,126,319,0,0
C:\wamp\www\internship\protected\modules\eledAdmin\views\professor\admin.php,56,46,11,2,8,0,2,8,0,0
C:\wamp\www\internship\protected\modules\eledAdmin\views\professor\create.php,18,12,2,0,4,0,2,8,0,0
C:\wamp\www\internship\protected\modules\eledAdmin\views\professor\index.php,21,14,2,0,5,0,2,8,0,0
C:\wamp\www\internship\protected\modules\eledAdmin\views\professor\update.php,21,15,2,0,4,0,2,8,0,0
C:\wamp\www\internship\protected\modules\eledAdmin\views\professor\view.php,33,27,3,0,4,1,2,10,0,0
C:\wamp\www\internship\protected\modules\eledAdmin\views\professor\_form.php,90,59,0,0,24,19,7,107,0,0
C:\wamp\www\internship\protected\modules\eledAdmin\views\professor\_search.php,35,24,0,0,8,0,3,12,0,0
C:\wamp\www\internship\protected\modules\eledAdmin\views\professor\_view.php,21,13,0,0,6,0,2,8,0,0
C:\wamp\www\internship\protected\modules\eledAdmin\views\requestInternship\admin.php,70,49,11,2,8,0,13,18,0,0
C:\wamp\www\internship\protected\modules\eledAdmin\views\requestInternship\create.php,18,12,2,0,4,0,2,8,0,0
C:\wamp\www\internship\protected\modules\eledAdmin\views\requestInternship\index.php,21,14,2,0,5,0,2,8,0,0
C:\wamp\www\internship\protected\modules\eledAdmin\views\requestInternship\update.php,21,15,2,0,4,0,2,8,0,0
C:\wamp\www\internship\protected\modules\eledAdmin\views\requestInternship\view.php,41,34,2,0,5,0,2,8,0,0
C:\wamp\www\internship\protected\modules\eledAdmin\views\requestInternship\_form.php,137,98,3,0,32,31,7,143,0,0
C:\wamp\www\internship\protected\modules\eledAdmin\views\requestInternship\_search.php,95,72,0,0,20,0,3,12,0,0
C:\wamp\www\internship\protected\modules\eledAdmin\views\requestInternship\_view.php,71,27,0,0,10,2,34,89,0,0
C:\wamp\www\internship\protected\modules\eledAdmin\views\requests\all.php,4,2,0,0,2,0,0,0,0,0
C:\wamp\www\internship\protected\modules\eledAdmin\views\site\contact.php,85,63,2,0,19,0,3,12,0,0
C:\wamp\www\internship\protected\modules\eledAdmin\views\site\error.php,15,10,2,0,3,0,2,8,0,0
C:\wamp\www\internship\protected\modules\eledAdmin\views\site\index.php,18,12,2,0,5,0,1,4,0,0
C:\wamp\www\internship\protected\modules\eledAdmin\views\site\login.php,54,40,2,0,11,0,3,12,0,0
C:\wamp\www\internship\protected\modules\eledAdmin\views\site\viewInternshipPosition.php,32,18,3,0,11,0,3,10,0,0
C:\wamp\www\internship\protected\modules\eledAdmin\views\site\_viewInternshipPosition.php,25,14,0,0,9,0,2,6,0,0
C:\wamp\www\internship\protected\modules\eledAdmin\views\site\pages\about.php,13,9,2,0,3,0,1,4,0,0
C:\wamp\www\internship\protected\modules\eledAdmin\views\student\admin.php,73,49,11,2,8,0,16,21,0,0
C:\wamp\www\internship\protected\modules\eledAdmin\views\student\create.php,18,12,2,0,4,0,2,8,0,0
C:\wamp\www\internship\protected\modules\eledAdmin\views\student\index.php,21,14,2,0,5,0,2,8,0,0
C:\wamp\www\internship\protected\modules\eledAdmin\views\student\update.php,23,15,2,0,6,0,2,8,0,0
C:\wamp\www\internship\protected\modules\eledAdmin\views\student\view.php,48,41,2,0,5,0,2,8,0,0
C:\wamp\www\internship\protected\modules\eledAdmin\views\student\_form.php,190,141,1,0,42,49,7,245,0,0
C:\wamp\www\internship\protected\modules\eledAdmin\views\student\_search.php,110,84,0,0,23,0,3,12,0,0
C:\wamp\www\internship\protected\modules\eledAdmin\views\student\_view.php,83,27,0,0,10,2,46,119,0,0
C:\wamp\www\internship\protected\modules\eledAdmin\views\users\admin.php,67,49,11,2,8,0,10,15,0,0
C:\wamp\www\internship\protected\modules\eledAdmin\views\users\create.php,18,12,2,0,4,0,2,8,0,0
C:\wamp\www\internship\protected\modules\eledAdmin\views\users\index.php,21,14,2,0,5,0,2,8,0,0
C:\wamp\www\internship\protected\modules\eledAdmin\views\users\update.php,21,15,2,0,4,0,2,8,0,0
C:\wamp\www\internship\protected\modules\eledAdmin\views\users\view.php,38,31,2,0,5,0,2,8,0,0
C:\wamp\www\internship\protected\modules\eledAdmin\views\users\_form.php,94,69,0,0,18,23,7,119,0,0
C:\wamp\www\internship\protected\modules\eledAdmin\views\users\_search.php,75,56,0,0,16,0,3,12,0,0
C:\wamp\www\internship\protected\modules\eledAdmin\views\users\_view.php,59,27,0,0,10,2,22,59,0,0
C:\wamp\www\internship\protected\modules\envengAdmin\AdminModule.php,29,20,7,3,4,0,5,45,0,0
C:\wamp\www\internship\protected\modules\envengAdmin\controllers\CompanyController.php,200,112,60,13,33,9,55,328,0,0
C:\wamp\www\internship\protected\modules\envengAdmin\controllers\DefaultController.php,111,73,33,8,10,1,28,126,0,0
C:\wamp\www\internship\protected\modules\envengAdmin\controllers\InternshipPositionController.php,174,102,38,11,20,8,52,321,0,0
C:\wamp\www\internship\protected\modules\envengAdmin\controllers\ProfessorController.php,212,127,61,13,33,9,52,323,0,0
C:\wamp\www\internship\protected\modules\envengAdmin\controllers\RequestInternshipController.php,174,102,38,11,20,8,52,321,0,0
C:\wamp\www\internship\protected\modules\envengAdmin\controllers\RequestsController.php,171,107,42,11,29,8,35,232,0,0
C:\wamp\www\internship\protected\modules\envengAdmin\controllers\SiteController.php,161,100,52,15,30,1,31,137,0,0
C:\wamp\www\internship\protected\modules\envengAdmin\controllers\StudentController.php,199,112,60,13,30,9,57,328,0,0
C:\wamp\www\internship\protected\modules\envengAdmin\controllers\UsersController.php,174,102,38,11,20,8,52,321,0,0
C:\wamp\www\internship\protected\modules\envengAdmin\views\company\admin.php,57,47,11,2,8,0,2,8,0,0
C:\wamp\www\internship\protected\modules\envengAdmin\views\company\create.php,18,12,2,0,4,0,2,8,0,0
C:\wamp\www\internship\protected\modules\envengAdmin\views\company\index.php,21,14,2,0,5,0,2,8,0,0
C:\wamp\www\internship\protected\modules\envengAdmin\views\company\update.php,21,15,2,0,4,0,2,8,0,0
C:\wamp\www\internship\protected\modules\envengAdmin\views\company\view.php,30,23,2,0,5,0,2,8,0,0
C:\wamp\www\internship\protected\modules\envengAdmin\views\company\_form.php,86,59,0,0,20,19,7,121,0,0
C:\wamp\www\internship\protected\modules\envengAdmin\views\company\_search.php,40,28,0,0,9,0,3,12,0,0
C:\wamp\www\internship\protected\modules\envengAdmin\views\company\_view.php,25,16,0,0,7,0,2,8,0,0
C:\wamp\www\internship\protected\modules\envengAdmin\views\default\index.php,17,14,1,0,2,0,1,4,0,0
C:\wamp\www\internship\protected\modules\envengAdmin\views\internshipPosition\admin.php,93,49,11,2,8,0,36,41,0,0
C:\wamp\www\internship\protected\modules\envengAdmin\views\internshipPosition\create.php,18,12,2,0,4,0,2,8,0,0
C:\wamp\www\internship\protected\modules\envengAdmin\views\internshipPosition\index.php,21,14,2,0,5,0,2,8,0,0
C:\wamp\www\internship\protected\modules\envengAdmin\views\internshipPosition\update.php,21,15,2,0,4,0,2,8,0,0
C:\wamp\www\internship\protected\modules\envengAdmin\views\internshipPosition\view.php,64,57,2,0,5,0,2,8,0,0
C:\wamp\www\internship\protected\modules\envengAdmin\views\internshipPosition\_form.php,275,223,2,0,45,79,7,287,0,0
C:\wamp\www\internship\protected\modules\envengAdmin\views\internshipPosition\_search.php,210,164,0,0,43,0,3,12,0,0
C:\wamp\www\internship\protected\modules\envengAdmin\views\internshipPosition\_view.php,163,27,0,0,10,2,126,319,0,0
C:\wamp\www\internship\protected\modules\envengAdmin\views\professor\admin.php,56,46,11,2,8,0,2,8,0,0
C:\wamp\www\internship\protected\modules\envengAdmin\views\professor\create.php,18,12,2,0,4,0,2,8,0,0
C:\wamp\www\internship\protected\modules\envengAdmin\views\professor\index.php,21,14,2,0,5,0,2,8,0,0
C:\wamp\www\internship\protected\modules\envengAdmin\views\professor\update.php,21,15,2,0,4,0,2,8,0,0
C:\wamp\www\internship\protected\modules\envengAdmin\views\professor\view.php,33,27,3,0,4,1,2,10,0,0
C:\wamp\www\internship\protected\modules\envengAdmin\views\professor\_form.php,90,59,0,0,24,19,7,107,0,0
C:\wamp\www\internship\protected\modules\envengAdmin\views\professor\_search.php,35,24,0,0,8,0,3,12,0,0
C:\wamp\www\internship\protected\modules\envengAdmin\views\professor\_view.php,21,13,0,0,6,0,2,8,0,0
C:\wamp\www\internship\protected\modules\envengAdmin\views\requestInternship\admin.php,70,49,11,2,8,0,13,18,0,0
C:\wamp\www\internship\protected\modules\envengAdmin\views\requestInternship\create.php,18,12,2,0,4,0,2,8,0,0
C:\wamp\www\internship\protected\modules\envengAdmin\views\requestInternship\index.php,21,14,2,0,5,0,2,8,0,0
C:\wamp\www\internship\protected\modules\envengAdmin\views\requestInternship\update.php,21,15,2,0,4,0,2,8,0,0
C:\wamp\www\internship\protected\modules\envengAdmin\views\requestInternship\view.php,41,34,2,0,5,0,2,8,0,0
C:\wamp\www\internship\protected\modules\envengAdmin\views\requestInternship\_form.php,137,98,3,0,32,31,7,143,0,0
C:\wamp\www\internship\protected\modules\envengAdmin\views\requestInternship\_search.php,95,72,0,0,20,0,3,12,0,0
C:\wamp\www\internship\protected\modules\envengAdmin\views\requestInternship\_view.php,71,27,0,0,10,2,34,89,0,0
C:\wamp\www\internship\protected\modules\envengAdmin\views\requests\all.php,4,2,0,0,2,0,0,0,0,0
C:\wamp\www\internship\protected\modules\envengAdmin\views\site\contact.php,85,63,2,0,19,0,3,12,0,0
C:\wamp\www\internship\protected\modules\envengAdmin\views\site\error.php,15,10,2,0,3,0,2,8,0,0
C:\wamp\www\internship\protected\modules\envengAdmin\views\site\index.php,18,12,2,0,5,0,1,4,0,0
C:\wamp\www\internship\protected\modules\envengAdmin\views\site\login.php,54,40,2,0,11,0,3,12,0,0
C:\wamp\www\internship\protected\modules\envengAdmin\views\site\viewInternshipPosition.php,32,18,3,0,11,0,3,10,0,0
C:\wamp\www\internship\protected\modules\envengAdmin\views\site\_viewInternshipPosition.php,25,14,0,0,9,0,2,6,0,0
C:\wamp\www\internship\protected\modules\envengAdmin\views\site\pages\about.php,13,9,2,0,3,0,1,4,0,0
C:\wamp\www\internship\protected\modules\envengAdmin\views\student\admin.php,73,49,11,2,8,0,16,21,0,0
C:\wamp\www\internship\protected\modules\envengAdmin\views\student\create.php,18,12,2,0,4,0,2,8,0,0
C:\wamp\www\internship\protected\modules\envengAdmin\views\student\index.php,21,14,2,0,5,0,2,8,0,0
C:\wamp\www\internship\protected\modules\envengAdmin\views\student\update.php,23,15,2,0,6,0,2,8,0,0
C:\wamp\www\internship\protected\modules\envengAdmin\views\student\view.php,48,41,2,0,5,0,2,8,0,0
C:\wamp\www\internship\protected\modules\envengAdmin\views\student\_form.php,190,141,1,0,42,49,7,245,0,0
C:\wamp\www\internship\protected\modules\envengAdmin\views\student\_search.php,110,84,0,0,23,0,3,12,0,0
C:\wamp\www\internship\protected\modules\envengAdmin\views\student\_view.php,83,27,0,0,10,2,46,119,0,0
C:\wamp\www\internship\protected\modules\envengAdmin\views\users\admin.php,67,49,11,2,8,0,10,15,0,0
C:\wamp\www\internship\protected\modules\envengAdmin\views\users\create.php,18,12,2,0,4,0,2,8,0,0
C:\wamp\www\internship\protected\modules\envengAdmin\views\users\index.php,21,14,2,0,5,0,2,8,0,0
C:\wamp\www\internship\protected\modules\envengAdmin\views\users\update.php,21,15,2,0,4,0,2,8,0,0
C:\wamp\www\internship\protected\modules\envengAdmin\views\users\view.php,38,31,2,0,5,0,2,8,0,0
C:\wamp\www\internship\protected\modules\envengAdmin\views\users\_form.php,94,69,0,0,18,23,7,119,0,0
C:\wamp\www\internship\protected\modules\envengAdmin\views\users\_search.php,75,56,0,0,16,0,3,12,0,0
C:\wamp\www\internship\protected\modules\envengAdmin\views\users\_view.php,59,27,0,0,10,2,22,59,0,0
C:\wamp\www\internship\protected\modules\icteAdmin\AdminModule.php,29,20,7,3,4,0,5,45,0,0
C:\wamp\www\internship\protected\modules\icteAdmin\controllers\CompanyController.php,200,112,60,13,33,9,55,328,0,0
C:\wamp\www\internship\protected\modules\icteAdmin\controllers\DefaultController.php,111,73,33,8,10,1,28,126,0,0
C:\wamp\www\internship\protected\modules\icteAdmin\controllers\InternshipPositionController.php,174,102,38,11,20,8,52,321,0,0
C:\wamp\www\internship\protected\modules\icteAdmin\controllers\ProfessorController.php,212,127,61,13,33,9,52,323,0,0
C:\wamp\www\internship\protected\modules\icteAdmin\controllers\RequestInternshipController.php,174,102,38,11,20,8,52,321,0,0
C:\wamp\www\internship\protected\modules\icteAdmin\controllers\RequestsController.php,171,107,42,11,29,8,35,232,0,0
C:\wamp\www\internship\protected\modules\icteAdmin\controllers\SiteController.php,161,100,52,15,30,1,31,137,0,0
C:\wamp\www\internship\protected\modules\icteAdmin\controllers\StudentController.php,199,112,60,13,30,9,57,328,0,0
C:\wamp\www\internship\protected\modules\icteAdmin\controllers\UsersController.php,174,102,38,11,20,8,52,321,0,0
C:\wamp\www\internship\protected\modules\icteAdmin\views\company\admin.php,57,47,11,2,8,0,2,8,0,0
C:\wamp\www\internship\protected\modules\icteAdmin\views\company\create.php,18,12,2,0,4,0,2,8,0,0
C:\wamp\www\internship\protected\modules\icteAdmin\views\company\index.php,21,14,2,0,5,0,2,8,0,0
C:\wamp\www\internship\protected\modules\icteAdmin\views\company\update.php,21,15,2,0,4,0,2,8,0,0
C:\wamp\www\internship\protected\modules\icteAdmin\views\company\view.php,30,23,2,0,5,0,2,8,0,0
C:\wamp\www\internship\protected\modules\icteAdmin\views\company\_form.php,86,59,0,0,20,19,7,121,0,0
C:\wamp\www\internship\protected\modules\icteAdmin\views\company\_search.php,40,28,0,0,9,0,3,12,0,0
C:\wamp\www\internship\protected\modules\icteAdmin\views\company\_view.php,25,16,0,0,7,0,2,8,0,0
C:\wamp\www\internship\protected\modules\icteAdmin\views\default\index.php,17,14,1,0,2,0,1,4,0,0
C:\wamp\www\internship\protected\modules\icteAdmin\views\internshipPosition\admin.php,93,49,11,2,8,0,36,41,0,0
C:\wamp\www\internship\protected\modules\icteAdmin\views\internshipPosition\create.php,18,12,2,0,4,0,2,8,0,0
C:\wamp\www\internship\protected\modules\icteAdmin\views\internshipPosition\index.php,21,14,2,0,5,0,2,8,0,0
C:\wamp\www\internship\protected\modules\icteAdmin\views\internshipPosition\update.php,21,15,2,0,4,0,2,8,0,0
C:\wamp\www\internship\protected\modules\icteAdmin\views\internshipPosition\view.php,64,57,2,0,5,0,2,8,0,0
C:\wamp\www\internship\protected\modules\icteAdmin\views\internshipPosition\_form.php,275,223,2,0,45,79,7,287,0,0
C:\wamp\www\internship\protected\modules\icteAdmin\views\internshipPosition\_search.php,210,164,0,0,43,0,3,12,0,0
C:\wamp\www\internship\protected\modules\icteAdmin\views\internshipPosition\_view.php,163,27,0,0,10,2,126,319,0,0
C:\wamp\www\internship\protected\modules\icteAdmin\views\professor\admin.php,56,46,11,2,8,0,2,8,0,0
C:\wamp\www\internship\protected\modules\icteAdmin\views\professor\create.php,18,12,2,0,4,0,2,8,0,0
C:\wamp\www\internship\protected\modules\icteAdmin\views\professor\index.php,21,14,2,0,5,0,2,8,0,0
C:\wamp\www\internship\protected\modules\icteAdmin\views\professor\update.php,21,15,2,0,4,0,2,8,0,0
C:\wamp\www\internship\protected\modules\icteAdmin\views\professor\view.php,33,27,3,0,4,1,2,10,0,0
C:\wamp\www\internship\protected\modules\icteAdmin\views\professor\_form.php,90,59,0,0,24,19,7,107,0,0
C:\wamp\www\internship\protected\modules\icteAdmin\views\professor\_search.php,35,24,0,0,8,0,3,12,0,0
C:\wamp\www\internship\protected\modules\icteAdmin\views\professor\_view.php,21,13,0,0,6,0,2,8,0,0
C:\wamp\www\internship\protected\modules\icteAdmin\views\requestInternship\admin.php,70,49,11,2,8,0,13,18,0,0
C:\wamp\www\internship\protected\modules\icteAdmin\views\requestInternship\create.php,18,12,2,0,4,0,2,8,0,0
C:\wamp\www\internship\protected\modules\icteAdmin\views\requestInternship\index.php,21,14,2,0,5,0,2,8,0,0
C:\wamp\www\internship\protected\modules\icteAdmin\views\requestInternship\update.php,21,15,2,0,4,0,2,8,0,0
C:\wamp\www\internship\protected\modules\icteAdmin\views\requestInternship\view.php,41,34,2,0,5,0,2,8,0,0
C:\wamp\www\internship\protected\modules\icteAdmin\views\requestInternship\_form.php,137,98,3,0,32,31,7,143,0,0
C:\wamp\www\internship\protected\modules\icteAdmin\views\requestInternship\_search.php,95,72,0,0,20,0,3,12,0,0
C:\wamp\www\internship\protected\modules\icteAdmin\views\requestInternship\_view.php,71,27,0,0,10,2,34,89,0,0
C:\wamp\www\internship\protected\modules\icteAdmin\views\requests\all.php,4,2,0,0,2,0,0,0,0,0
C:\wamp\www\internship\protected\modules\icteAdmin\views\site\contact.php,85,63,2,0,19,0,3,12,0,0
C:\wamp\www\internship\protected\modules\icteAdmin\views\site\error.php,15,10,2,0,3,0,2,8,0,0
C:\wamp\www\internship\protected\modules\icteAdmin\views\site\index.php,18,12,2,0,5,0,1,4,0,0
C:\wamp\www\internship\protected\modules\icteAdmin\views\site\login.php,54,40,2,0,11,0,3,12,0,0
C:\wamp\www\internship\protected\modules\icteAdmin\views\site\viewInternshipPosition.php,32,18,3,0,11,0,3,10,0,0
C:\wamp\www\internship\protected\modules\icteAdmin\views\site\_viewInternshipPosition.php,25,14,0,0,9,0,2,6,0,0
C:\wamp\www\internship\protected\modules\icteAdmin\views\site\pages\about.php,13,9,2,0,3,0,1,4,0,0
C:\wamp\www\internship\protected\modules\icteAdmin\views\student\admin.php,73,49,11,2,8,0,16,21,0,0
C:\wamp\www\internship\protected\modules\icteAdmin\views\student\create.php,18,12,2,0,4,0,2,8,0,0
C:\wamp\www\internship\protected\modules\icteAdmin\views\student\index.php,21,14,2,0,5,0,2,8,0,0
C:\wamp\www\internship\protected\modules\icteAdmin\views\student\update.php,23,15,2,0,6,0,2,8,0,0
C:\wamp\www\internship\protected\modules\icteAdmin\views\student\view.php,48,41,2,0,5,0,2,8,0,0
C:\wamp\www\internship\protected\modules\icteAdmin\views\student\_form.php,190,141,1,0,42,49,7,245,0,0
C:\wamp\www\internship\protected\modules\icteAdmin\views\student\_search.php,110,84,0,0,23,0,3,12,0,0
C:\wamp\www\internship\protected\modules\icteAdmin\views\student\_view.php,83,27,0,0,10,2,46,119,0,0
C:\wamp\www\internship\protected\modules\icteAdmin\views\users\admin.php,67,49,11,2,8,0,10,15,0,0
C:\wamp\www\internship\protected\modules\icteAdmin\views\users\create.php,18,12,2,0,4,0,2,8,0,0
C:\wamp\www\internship\protected\modules\icteAdmin\views\users\index.php,21,14,2,0,5,0,2,8,0,0
C:\wamp\www\internship\protected\modules\icteAdmin\views\users\update.php,21,15,2,0,4,0,2,8,0,0
C:\wamp\www\internship\protected\modules\icteAdmin\views\users\view.php,38,31,2,0,5,0,2,8,0,0
C:\wamp\www\internship\protected\modules\icteAdmin\views\users\_form.php,94,69,0,0,18,23,7,119,0,0
C:\wamp\www\internship\protected\modules\icteAdmin\views\users\_search.php,75,56,0,0,16,0,3,12,0,0
C:\wamp\www\internship\protected\modules\icteAdmin\views\users\_view.php,59,27,0,0,10,2,22,59,0,0
C:\wamp\www\internship\protected\modules\mechAdmin\AdminModule.php,29,20,7,3,4,0,5,45,0,0
C:\wamp\www\internship\protected\modules\mechAdmin\controllers\CompanyController.php,200,112,60,13,33,9,55,328,0,0
C:\wamp\www\internship\protected\modules\mechAdmin\controllers\DefaultController.php,111,73,33,8,10,1,28,126,0,0
C:\wamp\www\internship\protected\modules\mechAdmin\controllers\InternshipPositionController.php,174,102,38,11,20,8,52,321,0,0
C:\wamp\www\internship\protected\modules\mechAdmin\controllers\ProfessorController.php,212,127,61,13,33,9,52,323,0,0
C:\wamp\www\internship\protected\modules\mechAdmin\controllers\RequestInternshipController.php,174,102,38,11,20,8,52,321,0,0
C:\wamp\www\internship\protected\modules\mechAdmin\controllers\RequestsController.php,171,107,42,11,29,8,35,232,0,0
C:\wamp\www\internship\protected\modules\mechAdmin\controllers\SiteController.php,161,100,52,15,30,1,31,137,0,0
C:\wamp\www\internship\protected\modules\mechAdmin\controllers\StudentController.php,199,112,60,13,30,9,57,328,0,0
C:\wamp\www\internship\protected\modules\mechAdmin\controllers\UsersController.php,174,102,38,11,20,8,52,321,0,0
C:\wamp\www\internship\protected\modules\mechAdmin\views\company\admin.php,57,47,11,2,8,0,2,8,0,0
C:\wamp\www\internship\protected\modules\mechAdmin\views\company\create.php,18,12,2,0,4,0,2,8,0,0
C:\wamp\www\internship\protected\modules\mechAdmin\views\company\index.php,21,14,2,0,5,0,2,8,0,0
C:\wamp\www\internship\protected\modules\mechAdmin\views\company\update.php,21,15,2,0,4,0,2,8,0,0
C:\wamp\www\internship\protected\modules\mechAdmin\views\company\view.php,30,23,2,0,5,0,2,8,0,0
C:\wamp\www\internship\protected\modules\mechAdmin\views\company\_form.php,86,59,0,0,20,19,7,121,0,0
C:\wamp\www\internship\protected\modules\mechAdmin\views\company\_search.php,40,28,0,0,9,0,3,12,0,0
C:\wamp\www\internship\protected\modules\mechAdmin\views\company\_view.php,25,16,0,0,7,0,2,8,0,0
C:\wamp\www\internship\protected\modules\mechAdmin\views\default\index.php,17,14,1,0,2,0,1,4,0,0
C:\wamp\www\internship\protected\modules\mechAdmin\views\internshipPosition\admin.php,93,49,11,2,8,0,36,41,0,0
C:\wamp\www\internship\protected\modules\mechAdmin\views\internshipPosition\create.php,18,12,2,0,4,0,2,8,0,0
C:\wamp\www\internship\protected\modules\mechAdmin\views\internshipPosition\index.php,21,14,2,0,5,0,2,8,0,0
C:\wamp\www\internship\protected\modules\mechAdmin\views\internshipPosition\update.php,21,15,2,0,4,0,2,8,0,0
C:\wamp\www\internship\protected\modules\mechAdmin\views\internshipPosition\view.php,64,57,2,0,5,0,2,8,0,0
C:\wamp\www\internship\protected\modules\mechAdmin\views\internshipPosition\_form.php,275,223,2,0,45,79,7,287,0,0
C:\wamp\www\internship\protected\modules\mechAdmin\views\internshipPosition\_search.php,210,164,0,0,43,0,3,12,0,0
C:\wamp\www\internship\protected\modules\mechAdmin\views\internshipPosition\_view.php,163,27,0,0,10,2,126,319,0,0
C:\wamp\www\internship\protected\modules\mechAdmin\views\professor\admin.php,56,46,11,2,8,0,2,8,0,0
C:\wamp\www\internship\protected\modules\mechAdmin\views\professor\create.php,18,12,2,0,4,0,2,8,0,0
C:\wamp\www\internship\protected\modules\mechAdmin\views\professor\index.php,21,14,2,0,5,0,2,8,0,0
C:\wamp\www\internship\protected\modules\mechAdmin\views\professor\update.php,21,15,2,0,4,0,2,8,0,0
C:\wamp\www\internship\protected\modules\mechAdmin\views\professor\view.php,33,27,3,0,4,1,2,10,0,0
C:\wamp\www\internship\protected\modules\mechAdmin\views\professor\_form.php,90,59,0,0,24,19,7,107,0,0
C:\wamp\www\internship\protected\modules\mechAdmin\views\professor\_search.php,35,24,0,0,8,0,3,12,0,0
C:\wamp\www\internship\protected\modules\mechAdmin\views\professor\_view.php,21,13,0,0,6,0,2,8,0,0
C:\wamp\www\internship\protected\modules\mechAdmin\views\requestInternship\admin.php,70,49,11,2,8,0,13,18,0,0
C:\wamp\www\internship\protected\modules\mechAdmin\views\requestInternship\create.php,18,12,2,0,4,0,2,8,0,0
C:\wamp\www\internship\protected\modules\mechAdmin\views\requestInternship\index.php,21,14,2,0,5,0,2,8,0,0
C:\wamp\www\internship\protected\modules\mechAdmin\views\requestInternship\update.php,21,15,2,0,4,0,2,8,0,0
C:\wamp\www\internship\protected\modules\mechAdmin\views\requestInternship\view.php,41,34,2,0,5,0,2,8,0,0
C:\wamp\www\internship\protected\modules\mechAdmin\views\requestInternship\_form.php,137,98,3,0,32,31,7,143,0,0
C:\wamp\www\internship\protected\modules\mechAdmin\views\requestInternship\_search.php,95,72,0,0,20,0,3,12,0,0
C:\wamp\www\internship\protected\modules\mechAdmin\views\requestInternship\_view.php,71,27,0,0,10,2,34,89,0,0
C:\wamp\www\internship\protected\modules\mechAdmin\views\requests\all.php,4,2,0,0,2,0,0,0,0,0
C:\wamp\www\internship\protected\modules\mechAdmin\views\site\contact.php,85,63,2,0,19,0,3,12,0,0
C:\wamp\www\internship\protected\modules\mechAdmin\views\site\error.php,15,10,2,0,3,0,2,8,0,0
C:\wamp\www\internship\protected\modules\mechAdmin\views\site\index.php,18,12,2,0,5,0,1,4,0,0
C:\wamp\www\internship\protected\modules\mechAdmin\views\site\login.php,54,40,2,0,11,0,3,12,0,0
C:\wamp\www\internship\protected\modules\mechAdmin\views\site\viewInternshipPosition.php,32,18,3,0,11,0,3,10,0,0
C:\wamp\www\internship\protected\modules\mechAdmin\views\site\_viewInternshipPosition.php,25,14,0,0,9,0,2,6,0,0
C:\wamp\www\internship\protected\modules\mechAdmin\views\site\pages\about.php,13,9,2,0,3,0,1,4,0,0
C:\wamp\www\internship\protected\modules\mechAdmin\views\student\admin.php,73,49,11,2,8,0,16,21,0,0
C:\wamp\www\internship\protected\modules\mechAdmin\views\student\create.php,18,12,2,0,4,0,2,8,0,0
C:\wamp\www\internship\protected\modules\mechAdmin\views\student\index.php,21,14,2,0,5,0,2,8,0,0
C:\wamp\www\internship\protected\modules\mechAdmin\views\student\update.php,23,15,2,0,6,0,2,8,0,0
C:\wamp\www\internship\protected\modules\mechAdmin\views\student\view.php,48,41,2,0,5,0,2,8,0,0
C:\wamp\www\internship\protected\modules\mechAdmin\views\student\_form.php,190,141,1,0,42,49,7,245,0,0
C:\wamp\www\internship\protected\modules\mechAdmin\views\student\_search.php,110,84,0,0,23,0,3,12,0,0
C:\wamp\www\internship\protected\modules\mechAdmin\views\student\_view.php,83,27,0,0,10,2,46,119,0,0
C:\wamp\www\internship\protected\modules\mechAdmin\views\users\admin.php,67,49,11,2,8,0,10,15,0,0
C:\wamp\www\internship\protected\modules\mechAdmin\views\users\create.php,18,12,2,0,4,0,2,8,0,0
C:\wamp\www\internship\protected\modules\mechAdmin\views\users\index.php,21,14,2,0,5,0,2,8,0,0
C:\wamp\www\internship\protected\modules\mechAdmin\views\users\update.php,21,15,2,0,4,0,2,8,0,0
C:\wamp\www\internship\protected\modules\mechAdmin\views\users\view.php,38,31,2,0,5,0,2,8,0,0
C:\wamp\www\internship\protected\modules\mechAdmin\views\users\_form.php,94,69,0,0,18,23,7,119,0,0
C:\wamp\www\internship\protected\modules\mechAdmin\views\users\_search.php,75,56,0,0,16,0,3,12,0,0
C:\wamp\www\internship\protected\modules\mechAdmin\views\users\_view.php,59,27,0,0,10,2,22,59,0,0
C:\wamp\www\internship\protected\modules\nuredAdmin\NuredAdminModule.php,29,20,7,3,4,0,5,45,0,0
C:\wamp\www\internship\protected\modules\nuredAdmin\controllers\DefaultController.php,9,8,3,0,1,0,0,0,0,0
C:\wamp\www\internship\protected\modules\nuredAdmin\views\default\index.php,17,14,1,0,2,0,1,4,0,0
C:\wamp\www\internship\protected\modules\ProfessorAdmin\ProfessorAdminModule.php,29,20,7,3,4,0,5,45,0,0
C:\wamp\www\internship\protected\modules\ProfessorAdmin\controllers\DefaultController.php,157,89,32,9,18,8,50,311,0,0
C:\wamp\www\internship\protected\modules\ProfessorAdmin\controllers\InternshipPositionController.php,183,95,49,13,36,6,52,303,0,0
C:\wamp\www\internship\protected\modules\ProfessorAdmin\controllers\SiteController.php,165,103,54,15,31,1,31,137,0,0
C:\wamp\www\internship\protected\modules\ProfessorAdmin\views\default\admin.php,56,46,11,2,8,0,2,8,0,0
C:\wamp\www\internship\protected\modules\ProfessorAdmin\views\default\create.php,18,12,2,0,4,0,2,8,0,0
C:\wamp\www\internship\protected\modules\ProfessorAdmin\views\default\index.php,17,14,1,0,2,0,1,4,0,0
C:\wamp\www\internship\protected\modules\ProfessorAdmin\views\default\update.php,21,15,2,0,4,0,2,8,0,0
C:\wamp\www\internship\protected\modules\ProfessorAdmin\views\default\view.php,29,22,2,0,5,0,2,8,0,0
C:\wamp\www\internship\protected\modules\ProfessorAdmin\views\default\_form.php,36,19,0,0,10,3,7,59,0,0
C:\wamp\www\internship\protected\modules\ProfessorAdmin\views\default\_search.php,35,24,0,0,8,0,3,12,0,0
C:\wamp\www\internship\protected\modules\ProfessorAdmin\views\default\_view.php,21,13,0,0,6,0,2,8,0,0
C:\wamp\www\internship\protected\modules\ProfessorAdmin\views\internshipPosition\admin.php,86,40,11,2,10,0,36,41,0,0
C:\wamp\www\internship\protected\modules\ProfessorAdmin\views\internshipPosition\create.php,18,12,2,0,4,0,2,8,0,0
C:\wamp\www\internship\protected\modules\ProfessorAdmin\views\internshipPosition\index.php,21,12,2,0,5,0,4,14,0,0
C:\wamp\www\internship\protected\modules\ProfessorAdmin\views\internshipPosition\update.php,21,13,2,0,4,0,4,14,0,0
C:\wamp\www\internship\protected\modules\ProfessorAdmin\views\internshipPosition\view.php,140,81,18,4,48,0,11,33,0,0
C:\wamp\www\internship\protected\modules\ProfessorAdmin\views\internshipPosition\_form.php,78,41,10,1,29,4,8,67,0,0
C:\wamp\www\internship\protected\modules\ProfessorAdmin\views\internshipPosition\_search.php,210,164,0,0,43,0,3,12,0,0
C:\wamp\www\internship\protected\modules\ProfessorAdmin\views\internshipPosition\_view.php,168,23,0,0,17,1,128,320,0,0
C:\wamp\www\internship\protected\modules\ProfessorAdmin\views\site\contact.php,85,63,2,0,19,0,3,12,0,0
C:\wamp\www\internship\protected\modules\ProfessorAdmin\views\site\error.php,15,10,2,0,3,0,2,8,0,0
C:\wamp\www\internship\protected\modules\ProfessorAdmin\views\site\index.php,19,12,2,0,6,0,1,4,0,0
C:\wamp\www\internship\protected\modules\ProfessorAdmin\views\site\login.php,54,40,2,0,11,0,3,12,0,0
C:\wamp\www\internship\protected\modules\ProfessorAdmin\views\site\viewInternshipPosition.php,32,18,3,0,11,0,3,10,0,0
C:\wamp\www\internship\protected\modules\ProfessorAdmin\views\site\_viewInternshipPosition.php,25,14,0,0,9,0,2,6,0,0
C:\wamp\www\internship\protected\modules\ProfessorAdmin\views\site\pages\about.php,13,9,2,0,3,0,1,4,0,0
C:\wamp\www\internship\protected\modules\StudentAdmin\StudentAdminModule.php,29,20,7,3,4,0,5,45,0,0
C:\wamp\www\internship\protected\modules\StudentAdmin\controllers\CompanyController.php,195,104,60,13,37,7,54,307,0,0
C:\wamp\www\internship\protected\modules\StudentAdmin\controllers\DefaultController.php,157,89,32,9,18,8,50,311,0,0
C:\wamp\www\internship\protected\modules\StudentAdmin\controllers\InternshipPositionController.php,229,125,67,14,41,7,63,337,0,0
C:\wamp\www\internship\protected\modules\StudentAdmin\controllers\RequestInternshipController.php,243,129,71,16,51,6,63,335,0,0
C:\wamp\www\internship\protected\modules\StudentAdmin\controllers\SiteController.php,171,105,56,15,34,1,32,138,0,0
C:\wamp\www\internship\protected\modules\StudentAdmin\views\company\admin.php,57,47,11,2,8,0,2,8,0,0
C:\wamp\www\internship\protected\modules\StudentAdmin\views\company\create.php,18,12,2,0,4,0,2,8,0,0
C:\wamp\www\internship\protected\modules\StudentAdmin\views\company\index.php,21,14,2,0,5,0,2,8,0,0
C:\wamp\www\internship\protected\modules\StudentAdmin\views\company\update.php,21,15,2,0,4,0,2,8,0,0
C:\wamp\www\internship\protected\modules\StudentAdmin\views\company\view.php,27,18,2,0,7,0,2,8,0,0
C:\wamp\www\internship\protected\modules\StudentAdmin\views\company\_form.php,86,59,0,0,20,19,7,121,0,0
C:\wamp\www\internship\protected\modules\StudentAdmin\views\company\_search.php,40,28,0,0,9,0,3,12,0,0
C:\wamp\www\internship\protected\modules\StudentAdmin\views\company\_view.php,25,16,0,0,7,0,2,8,0,0
C:\wamp\www\internship\protected\modules\StudentAdmin\views\default\admin.php,67,49,11,2,8,0,10,15,0,0
C:\wamp\www\internship\protected\modules\StudentAdmin\views\default\create.php,18,12,2,0,4,0,2,8,0,0
C:\wamp\www\internship\protected\modules\StudentAdmin\views\default\index.php,17,14,1,0,2,0,1,4,0,0
C:\wamp\www\internship\protected\modules\StudentAdmin\views\default\index_1.php,21,14,2,0,5,0,2,8,0,0
C:\wamp\www\internship\protected\modules\StudentAdmin\views\default\update.php,21,15,2,0,4,0,2,8,0,0
C:\wamp\www\internship\protected\modules\StudentAdmin\views\default\view.php,38,31,2,0,5,0,2,8,0,0
C:\wamp\www\internship\protected\modules\StudentAdmin\views\default\_form.php,85,60,0,0,18,19,7,107,0,0
C:\wamp\www\internship\protected\modules\StudentAdmin\views\default\_search.php,75,56,0,0,16,0,3,12,0,0
C:\wamp\www\internship\protected\modules\StudentAdmin\views\default\_view.php,59,27,0,0,10,2,22,59,0,0
C:\wamp\www\internship\protected\modules\StudentAdmin\views\internshipPosition\admin.php,95,45,12,2,9,1,41,50,0,0
C:\wamp\www\internship\protected\modules\StudentAdmin\views\internshipPosition\create.php,18,12,2,0,4,0,2,8,0,0
C:\wamp\www\internship\protected\modules\StudentAdmin\views\internshipPosition\index.php,24,15,3,0,5,0,4,22,0,0
C:\wamp\www\internship\protected\modules\StudentAdmin\views\internshipPosition\myindex.php,158,91,20,5,60,0,7,31,0,0
C:\wamp\www\internship\protected\modules\StudentAdmin\views\internshipPosition\update.php,21,12,2,0,4,0,5,18,0,0
C:\wamp\www\internship\protected\modules\StudentAdmin\views\internshipPosition\view.php,65,39,12,2,23,0,3,18,0,0
C:\wamp\www\internship\protected\modules\StudentAdmin\views\internshipPosition\_form.php,167,104,23,4,51,23,12,154,0,0
C:\wamp\www\internship\protected\modules\StudentAdmin\views\internshipPosition\_search.php,210,164,0,0,43,0,3,12,0,0
C:\wamp\www\internship\protected\modules\StudentAdmin\views\internshipPosition\_view.php,185,32,4,1,23,1,130,334,0,0
C:\wamp\www\internship\protected\modules\StudentAdmin\views\requestInternship\admin.php,70,49,11,2,8,0,13,18,0,0
C:\wamp\www\internship\protected\modules\StudentAdmin\views\requestInternship\create.php,21,12,2,0,5,0,4,14,0,0
C:\wamp\www\internship\protected\modules\StudentAdmin\views\requestInternship\index.php,63,29,10,0,16,0,18,45,0,0
C:\wamp\www\internship\protected\modules\StudentAdmin\views\requestInternship\update.php,21,15,2,0,4,0,2,8,0,0
C:\wamp\www\internship\protected\modules\StudentAdmin\views\requestInternship\view.php,39,20,4,0,12,0,7,33,0,0
C:\wamp\www\internship\protected\modules\StudentAdmin\views\requestInternship\_form.php,55,35,5,0,13,3,7,65,0,0
C:\wamp\www\internship\protected\modules\StudentAdmin\views\requestInternship\_search.php,95,72,0,0,20,0,3,12,0,0
C:\wamp\www\internship\protected\modules\StudentAdmin\views\requestInternship\_view.php,73,25,0,0,12,4,36,100,0,0
C:\wamp\www\internship\protected\modules\StudentAdmin\views\site\contact.php,85,63,2,0,19,0,3,12,0,0
C:\wamp\www\internship\protected\modules\StudentAdmin\views\site\error.php,15,10,2,0,3,0,2,8,0,0
C:\wamp\www\internship\protected\modules\StudentAdmin\views\site\index.php,22,12,2,0,9,0,1,4,0,0
C:\wamp\www\internship\protected\modules\StudentAdmin\views\site\login.php,54,40,2,0,11,0,3,12,0,0
C:\wamp\www\internship\protected\modules\StudentAdmin\views\site\viewInternshipPosition.php,32,18,3,0,11,0,3,10,0,0
C:\wamp\www\internship\protected\modules\StudentAdmin\views\site\_viewInternshipPosition.php,25,14,0,0,9,0,2,6,0,0
C:\wamp\www\internship\protected\modules\StudentAdmin\views\site\pages\about.php,13,9,2,0,3,0,1,4,0,0
